make,model,model_year,price,slogan
Maybach,Landaulet,2010,$755561.03,matrix distributed networks
Mazda,Miata MX-5,2011,$228278.28,reintermediate cross-platform models
Kia,Optima,2004,$235299.81,architect intuitive technologies
Lincoln,Continental Mark VII,1990,$408795.55,target back-end deliverables
GMC,Sonoma,1994,$612679.28,utilize integrated relationships
Dodge,Dakota Club,1993,$118270.04,architect dynamic systems
Audi,Q7,2007,$281004.59,seize visionary web services
Volkswagen,Golf,1991,$524168.70,grow compelling infomediaries
Ford,E150,2004,$62023.72,scale real-time web-readiness
GMC,Safari,1994,$386451.10,iterate sexy portals
Pontiac,Grand Prix,1996,$157598.34,deploy plug-and-play e-tailers
Dodge,Monaco,1992,$622980.53,productize clicks-and-mortar schemas
Dodge,Ram 2500,1997,$708824.77,drive value-added content
GMC,Terrain,2012,$175975.85,transform e-business methodologies
Subaru,Alcyone SVX,1994,$384540.47,visualize viral functionalities
Mitsubishi,Pajero,1987,$774782.27,enhance front-end initiatives
Ford,Fairlane,1966,$264516.51,iterate wireless models
Audi,S5,2012,$450420.93,leverage B2B synergies
Lexus,SC,1992,$135757.72,optimize viral architectures
Dodge,Ram 3500,2008,$392681.66,disintermediate cutting-edge bandwidth
Mazda,Tribute,2009,$680362.92,transform 24/365 initiatives
GMC,Yukon,1998,$177361.21,whiteboard granular relationships
Cadillac,CTS,2010,$783152.83,generate B2C relationships
Lexus,ES,1989,$65522.36,leverage cutting-edge infrastructures
Audi,90,1994,$597302.73,utilize next-generation content
Lamborghini,Aventador,2012,$444793.55,streamline virtual paradigms
Ford,E150,2003,$598007.38,reinvent efficient web services
Chevrolet,Suburban 1500,1997,$206173.08,synergize distributed models
Infiniti,M,2007,$400631.25,synergize revolutionary functionalities
GMC,Jimmy,2000,$56144.74,implement e-business eyeballs
Chevrolet,Avalanche,2007,$523851.31,expedite e-business e-commerce
Volvo,C30,2009,$685152.00,whiteboard customized e-commerce
Chevrolet,Avalanche 1500,2005,$603165.36,reinvent vertical e-markets
Suzuki,SJ,1995,$696767.15,deliver granular schemas
GMC,3500 Club Coupe,1996,$473392.21,e-enable next-generation users
Toyota,Paseo,1995,$758582.08,empower B2B networks
Chevrolet,Suburban 2500,2001,$59867.30,incubate B2C applications
Maserati,Quattroporte,2008,$631790.18,architect intuitive eyeballs
Nissan,Altima,2005,$734788.98,maximize magnetic synergies
BMW,5 Series,2004,$52188.68,repurpose killer convergence
GMC,Sierra,2008,$773890.94,strategize robust content
Mitsubishi,Tredia,1986,$333728.41,reintermediate intuitive metrics
Toyota,Tundra,2009,$530871.35,envisioneer back-end synergies
Bentley,Continental Flying Spur,2010,$131783.09,unleash frictionless functionalities
Mercury,Cougar,1997,$212233.95,productize virtual models
Chevrolet,Cavalier,2005,$654933.95,whiteboard turn-key vortals
Chevrolet,Impala,2003,$41837.13,harness real-time architectures
Subaru,Alcyone SVX,1995,$65094.42,enable world-class schemas
Cadillac,STS,2007,$112685.77,productize clicks-and-mortar vortals
Honda,Fit,2011,$544236.30,morph cross-media web services
Chevrolet,Express 2500,2006,$140157.84,enable B2B action-items
Ford,Econoline E350,1998,$230030.86,engineer killer systems
Mitsubishi,Eclipse,1993,$159970.39,integrate cutting-edge channels
Dodge,Stratus,2002,$273074.52,extend 24/365 channels
Jeep,Wrangler,2004,$58915.74,whiteboard value-added synergies
Ford,Focus,2013,$702484.78,architect best-of-breed deliverables
Lexus,ES,2008,$490358.89,unleash intuitive networks
Hyundai,XG300,2001,$463770.47,optimize clicks-and-mortar e-services
Cadillac,STS-V,2009,$413885.84,repurpose global vortals
Scion,xB,2011,$535706.05,productize turn-key technologies
Subaru,Outback,2009,$326957.46,matrix efficient interfaces
Saturn,S-Series,2000,$581421.38,mesh integrated solutions
Chevrolet,Express 3500,2007,$687146.26,benchmark clicks-and-mortar channels
Chevrolet,Aveo,2008,$419639.65,optimize granular bandwidth
Toyota,MR2,2001,$655985.57,streamline killer synergies
Mercedes-Benz,SL-Class,2004,$405735.87,benchmark revolutionary infrastructures
Pontiac,Firefly,1990,$36615.53,matrix clicks-and-mortar models
Mercury,Sable,1995,$359450.50,synthesize customized web-readiness
Lotus,Elise,2008,$383911.99,deploy value-added mindshare
Dodge,Caravan,2004,$327840.11,engage scalable infomediaries
Chevrolet,SSR,2004,$584050.90,maximize back-end models
Cadillac,Escalade,2002,$293035.47,exploit sexy schemas
Porsche,911,2004,$298691.93,syndicate proactive portals
Acura,NSX,1999,$694930.78,transition leading-edge systems
Toyota,Sequoia,2001,$761588.52,visualize bricks-and-clicks initiatives
Chrysler,Concorde,2000,$382672.92,envisioneer robust vortals
Dodge,Ram 2500,2000,$398481.51,revolutionize scalable relationships
Lamborghini,Diablo,1993,$197204.60,implement B2C paradigms
GMC,Sierra 2500,2011,$486371.54,architect distributed partnerships
Chevrolet,Camaro,1967,$442363.80,scale magnetic relationships
Kia,Spectra,2006,$377275.25,engage revolutionary architectures
Acura,RL,2006,$775733.62,revolutionize plug-and-play relationships
Nissan,300ZX,1996,$44611.16,monetize bleeding-edge networks
Jeep,Compass,2011,$344485.67,enhance leading-edge interfaces
Infiniti,QX,1998,$487304.17,synergize rich infomediaries
Subaru,Legacy,2010,$234482.59,synthesize value-added initiatives
Audi,RS6,2003,$724003.92,unleash transparent relationships
Aston Martin,V8 Vantage,2011,$317723.97,synergize e-business eyeballs
Chevrolet,Avalanche,2002,$12392.92,deploy next-generation bandwidth
Acura,Vigor,1993,$314733.52,monetize strategic action-items
Nissan,Quest,2002,$394077.25,matrix bleeding-edge content
Volvo,S60,2005,$707744.17,synthesize holistic e-markets
Volkswagen,Golf,1986,$105932.35,transition mission-critical vortals
Chevrolet,Traverse,2011,$89933.43,transform interactive experiences
Mazda,MX-5,2010,$727308.54,incentivize scalable infomediaries
Subaru,Justy,1987,$150686.87,deliver revolutionary web services
Pontiac,LeMans,1992,$390197.30,cultivate value-added experiences
Mercury,Grand Marquis,1987,$108801.30,seize innovative technologies
Hyundai,Accent,2012,$697413.09,scale collaborative deliverables
GMC,Vandura 2500,1994,$609606.29,synthesize efficient interfaces
Mitsubishi,3000GT,1996,$151878.28,embrace cross-platform communities
Mercury,Villager,1999,$390294.96,evolve cross-media convergence
Mitsubishi,Galant,1994,$228953.04,optimize collaborative networks
Honda,Prelude,1998,$136276.07,optimize vertical applications
Chrysler,300M,2000,$211580.93,mesh leading-edge e-services
Ford,Explorer,1999,$344382.89,innovate granular technologies
Mercedes-Benz,S-Class,2003,$458751.48,disintermediate virtual content
Buick,Verano,2012,$463428.09,facilitate frictionless communities
Land Rover,Range Rover,1994,$351673.72,visualize enterprise convergence
Toyota,FJ Cruiser,2012,$666404.92,strategize innovative content
Cadillac,Fleetwood,1992,$275352.18,streamline value-added bandwidth
Acura,TL,2009,$294606.48,iterate innovative initiatives
Plymouth,Neon,2000,$605149.75,leverage frictionless web services
Cadillac,Fleetwood,1954,$772604.63,evolve out-of-the-box communities
Lincoln,Town Car,2010,$587322.92,whiteboard cross-platform infrastructures
Chevrolet,2500,1998,$656349.57,visualize distributed solutions
Ford,Explorer Sport,2001,$529512.42,target value-added portals
Nissan,Maxima,2012,$127418.71,leverage user-centric metrics
Chevrolet,Metro,1999,$355413.73,visualize end-to-end experiences
Nissan,Xterra,2003,$190834.85,target value-added portals
Eagle,Summit,1995,$373416.05,drive visionary web-readiness
Buick,LaCrosse,2006,$513148.18,unleash B2B models
Jensen,Interceptor,1966,$544833.40,disintermediate scalable content
Audi,riolet,1996,$242023.25,orchestrate 24/7 infrastructures
Maybach,Landaulet,2011,$728883.54,exploit dynamic niches
Cadillac,DeVille,2001,$204206.14,mesh real-time web services
Ford,Taurus,1995,$63790.51,target 24/365 paradigms
Ford,E250,2006,$450538.94,maximize web-enabled web-readiness
GMC,Sonoma,1997,$496054.14,integrate granular communities
Hyundai,Azera,2012,$139946.31,disintermediate one-to-one synergies
Porsche,911,2002,$536970.99,revolutionize visionary schemas
BMW,M3,1995,$595085.78,seize open-source systems
Chevrolet,S10,2003,$117917.48,streamline scalable action-items
Cadillac,Escalade,2000,$95137.32,cultivate one-to-one interfaces
BMW,8 Series,1993,$664980.61,transform B2B e-commerce
Mercedes-Benz,300SE,1992,$487278.45,incentivize intuitive deliverables
Hyundai,XG350,2003,$139505.36,extend end-to-end initiatives
Plymouth,Neon,1997,$137859.62,incubate 24/365 interfaces
Pontiac,G8,2008,$255550.55,maximize strategic portals
Pontiac,Aztek,2005,$658931.76,disintermediate collaborative e-markets
Pontiac,Grand Prix,2000,$221340.98,cultivate integrated platforms
Mitsubishi,Galant,2001,$98714.74,recontextualize revolutionary e-markets
Aston Martin,DB9,2010,$279514.12,iterate cross-media channels
Buick,Coachbuilder,1990,$581309.60,cultivate 24/7 users
Maserati,Quattroporte,2011,$725880.20,monetize proactive partnerships
Mitsubishi,Mirage,1998,$580042.66,generate scalable networks
Dodge,Ram 2500 Club,1997,$375229.05,generate sexy paradigms
Pontiac,Grand Prix,1982,$391724.48,innovate enterprise applications
Toyota,Yaris,2006,$60585.96,engineer ubiquitous ROI
Land Rover,Freelander,2001,$583867.87,seize back-end networks
Land Rover,Discovery Series II,2002,$453521.97,integrate bleeding-edge e-tailers
Eagle,Summit,1995,$184435.37,deploy turn-key vortals
Ford,Taurus,2004,$344614.31,scale killer content
Ford,Flex,2012,$244159.37,transition innovative e-markets
Mitsubishi,Eclipse,1992,$389628.65,embrace efficient portals
Jeep,Compass,2012,$80101.61,generate collaborative methodologies
GMC,Canyon,2006,$194905.99,innovate front-end bandwidth
Aston Martin,V8 Vantage,2011,$525604.51,synthesize next-generation paradigms
Dodge,Ram Van 3500,1996,$14240.07,iterate mission-critical schemas
Mitsubishi,Diamante,1992,$271000.75,enhance 24/7 relationships
Toyota,Sequoia,2011,$92148.82,iterate B2B paradigms
Dodge,Colt,1993,$428231.07,envisioneer cutting-edge applications
GMC,Canyon,2004,$599431.48,orchestrate visionary action-items
Audi,A8,2008,$302672.32,monetize plug-and-play vortals
Toyota,Tundra,2008,$195063.42,morph frictionless infrastructures
Suzuki,Kizashi,2010,$360848.35,brand viral web services
Toyota,Corolla,1994,$432223.70,deliver impactful platforms
Ford,Escort,2002,$400944.50,maximize e-business schemas
Nissan,Altima,1997,$228237.34,facilitate mission-critical e-services
Rolls-Royce,Phantom,2012,$198054.72,syndicate real-time content
Chevrolet,TrailBlazer,2003,$614746.93,maximize web-enabled networks
Dodge,Caravan,1996,$409274.34,seize customized communities
Volvo,XC70,2007,$234709.82,disintermediate innovative content
GMC,Savana 1500,1998,$440826.21,orchestrate leading-edge methodologies
Chevrolet,SSR,2004,$461426.94,incubate 24/7 methodologies
Nissan,Pathfinder,2011,$771179.84,utilize bricks-and-clicks ROI
Ford,Econoline E250,2000,$224148.15,redefine open-source infomediaries
Mercury,Villager,1993,$198667.81,expedite sticky methodologies
Mercedes-Benz,300TE,1993,$32651.59,redefine transparent communities
Chevrolet,Lumina,1997,$736523.85,iterate customized paradigms
Dodge,Caravan,1985,$456838.45,deliver magnetic models
Volvo,S80,2012,$119086.72,enable bleeding-edge initiatives
Audi,A5,2008,$778855.19,syndicate cutting-edge systems
Lamborghini,Gallardo,2003,$409804.59,disintermediate open-source synergies
Mitsubishi,Galant,1998,$366493.47,enhance collaborative action-items
Lexus,LS,2008,$330917.63,utilize visionary metrics
Toyota,Prius,2010,$464725.18,syndicate wireless supply-chains
Ford,E150,2012,$8992.34,mesh front-end schemas
Honda,S2000,2008,$671617.07,enhance intuitive e-tailers
Honda,Civic,1999,$85223.60,empower ubiquitous interfaces
Audi,A8,2007,$484108.29,orchestrate ubiquitous portals
Mitsubishi,Lancer Evolution,2008,$106242.75,seize intuitive deliverables
Volvo,V70,2006,$267974.83,deploy end-to-end bandwidth
Kia,Sportage,2010,$535884.60,deploy integrated initiatives
Buick,Lucerne,2011,$55986.20,envisioneer best-of-breed mindshare
Ford,Thunderbird,1996,$101868.27,brand global initiatives
Chevrolet,Suburban,2009,$705781.98,engage open-source infomediaries
Audi,S4,1992,$218755.03,evolve seamless e-tailers
GMC,Rally Wagon G2500,1995,$298078.86,iterate global technologies
Nissan,Sentra,2009,$762400.98,matrix dynamic e-tailers
Honda,Odyssey,1998,$765136.26,visualize rich paradigms
Volkswagen,Jetta III,1995,$196182.26,visualize B2C partnerships
Lexus,GS,1993,$374457.91,leverage bricks-and-clicks metrics
Honda,S2000,2004,$536907.93,brand plug-and-play eyeballs
Oldsmobile,Silhouette,2001,$759159.59,disintermediate user-centric synergies
Nissan,Xterra,2011,$437449.60,streamline bricks-and-clicks mindshare
Mitsubishi,Outlander,2007,$208721.24,enhance scalable methodologies
Buick,Regal,2003,$623812.88,deploy world-class web-readiness
Nissan,Quest,2000,$790305.68,scale bleeding-edge e-tailers
Pontiac,Tempest,1965,$13968.06,enhance global markets
Mercedes-Benz,CL-Class,2008,$703207.36,productize world-class communities
Nissan,Quest,2012,$579101.98,embrace transparent e-services
Suzuki,Swift,2000,$244181.90,benchmark dynamic interfaces
Pontiac,LeMans,1966,$745360.72,leverage virtual functionalities
Mitsubishi,Eclipse,1997,$373855.02,repurpose next-generation initiatives
Acura,Integra,1995,$754130.38,envisioneer distributed portals
Studebaker,Avanti,1962,$632034.20,brand dot-com web services
BMW,X3,2012,$151025.47,reintermediate holistic interfaces
Volvo,C70,2013,$399966.37,reintermediate back-end convergence
Mitsubishi,Lancer,2005,$399292.87,e-enable interactive e-markets
BMW,X5 M,2010,$587898.68,synthesize value-added action-items
Pontiac,Daewoo Kalos,2006,$711075.72,disintermediate strategic functionalities
Mercedes-Benz,S-Class,2006,$42051.84,e-enable one-to-one niches
Isuzu,VehiCROSS,2001,$403392.81,whiteboard plug-and-play systems
Ram,3500,2011,$70418.33,benchmark sexy experiences
Saab,9-3,2000,$149817.79,embrace back-end markets
Ford,E150,2005,$66860.75,enhance B2C relationships
Mercedes-Benz,SL-Class,2009,$738537.54,e-enable dot-com partnerships
Pontiac,GTO,1974,$157034.53,target sexy ROI
Ford,Escort ZX2,2003,$384255.92,visualize seamless convergence
Lotus,Elan,1994,$735645.12,streamline extensible deliverables
GMC,Canyon,2010,$472759.71,reinvent visionary portals
Volkswagen,New Beetle,2007,$678224.29,engage bricks-and-clicks technologies
Mercedes-Benz,M-Class,2011,$436077.70,strategize seamless markets
Chevrolet,Avalanche,2009,$648952.17,revolutionize 24/7 users
Chevrolet,TrailBlazer,2009,$210163.86,transform efficient action-items
Ford,Explorer Sport Trac,2004,$428362.65,deploy web-enabled markets
Ford,Tempo,1991,$387141.92,strategize virtual e-services
Pontiac,Trans Sport,1993,$394752.08,synergize mission-critical supply-chains
Mazda,B-Series,2003,$525089.69,seize web-enabled platforms
Land Rover,Freelander,2002,$772654.05,architect cross-platform applications
Lexus,ES,1999,$348079.44,enhance transparent e-business
Buick,Regal,1994,$120935.14,envisioneer holistic eyeballs
Subaru,Legacy,2011,$696491.47,target extensible bandwidth
Mercury,Topaz,1989,$121090.19,disintermediate out-of-the-box bandwidth
Nissan,Frontier,2001,$690232.74,reintermediate one-to-one architectures
Mitsubishi,Pajero,1996,$646267.00,generate B2B e-markets
Mercedes-Benz,300SL,1992,$724034.75,architect integrated portals
Nissan,Versa,2012,$783573.30,brand best-of-breed solutions
Land Rover,Discovery Series II,2002,$487219.01,reinvent magnetic infrastructures
Toyota,Highlander,2002,$669459.38,drive magnetic users
Oldsmobile,Ciera,1995,$663458.30,incubate granular mindshare
Buick,LaCrosse,2005,$476262.18,reinvent next-generation e-tailers
Volkswagen,Phaeton,2004,$685104.34,revolutionize 24/365 infrastructures
GMC,Vandura G1500,1995,$83956.39,grow 24/365 technologies
Ford,Explorer Sport,2003,$346072.99,optimize impactful metrics
Mitsubishi,Galant,1991,$333732.23,utilize holistic supply-chains
Volvo,C30,2012,$85304.59,repurpose sexy applications
Toyota,TundraMax,2007,$511848.65,seize one-to-one markets
Ford,F150,1992,$788156.68,engineer impactful e-tailers
Lincoln,Navigator L,2012,$349698.86,generate back-end experiences
Tesla,Model S,2012,$117791.52,revolutionize proactive eyeballs
Ford,Focus,2000,$604849.57,productize dynamic infrastructures
GMC,Suburban 1500,1999,$723869.39,transform turn-key e-markets
Lexus,GS,1998,$121602.47,incubate synergistic partnerships
Foose,Hemisfear,2007,$233388.20,drive 24/7 schemas
Dodge,Grand Caravan,2008,$140907.44,streamline bleeding-edge networks
Chevrolet,Impala,1995,$134628.60,synthesize real-time applications
Ford,Thunderbird,1984,$416001.98,engineer next-generation action-items
Volkswagen,Type 2,1987,$791354.87,mesh rich niches
Ford,Escort,1990,$485956.09,engineer back-end bandwidth
Suzuki,Sidekick,1993,$307947.04,orchestrate world-class ROI
Chevrolet,Astro,1992,$393632.23,revolutionize seamless experiences
Buick,Somerset,1987,$553345.70,expedite front-end communities
Honda,Ridgeline,2009,$787369.18,grow leading-edge interfaces
Buick,Terraza,2005,$788241.31,redefine impactful platforms
Chevrolet,Astro,2002,$133054.23,morph web-enabled solutions
Mitsubishi,Eclipse,2008,$103162.17,morph distributed vortals
Lexus,GS,2010,$484506.20,matrix end-to-end web-readiness
Ford,Model T,1909,$671190.64,optimize bleeding-edge users
Mazda,626,1993,$213842.34,aggregate customized e-markets
Lexus,IS F,2009,$744326.11,incubate sexy ROI
Chevrolet,Avalanche 1500,2005,$305573.41,deliver open-source systems
Lexus,LX,2006,$49523.60,harness one-to-one e-commerce
GMC,Sierra 2500HD,2006,$599741.77,unleash seamless systems
Oldsmobile,LSS,1998,$687721.78,revolutionize mission-critical users
Chevrolet,G-Series G30,1996,$93412.09,repurpose turn-key e-markets
Geo,Metro,1995,$158927.21,enable compelling vortals
Chevrolet,Avalanche 2500,2003,$620184.32,architect out-of-the-box web services
Cadillac,DeVille,2000,$485212.01,synergize dynamic schemas
Chevrolet,Camaro,1998,$198332.70,repurpose impactful vortals
Land Rover,Defender 110,1993,$620150.58,brand world-class content
Dodge,Caravan,2004,$619462.58,seize value-added metrics
Isuzu,Rodeo Sport,2001,$175261.87,envisioneer bleeding-edge interfaces
Toyota,Corolla,2004,$305213.98,facilitate turn-key functionalities
Dodge,Magnum,2005,$366405.29,iterate B2B web services
Ford,Taurus,1986,$24724.36,empower cross-platform technologies
Infiniti,G,1999,$57603.66,unleash clicks-and-mortar architectures
Lexus,RX,2000,$176691.10,morph extensible architectures
Volkswagen,Eurovan,2000,$572516.27,scale bleeding-edge deliverables
Hyundai,Azera,2010,$307854.86,optimize next-generation bandwidth
Hyundai,Accent,2008,$414153.26,expedite impactful supply-chains
Chevrolet,Corsica,1994,$415869.66,matrix next-generation e-tailers
Volkswagen,Golf,1993,$207898.00,reintermediate dot-com deliverables
Suzuki,Cultus,1985,$728393.02,empower sticky e-tailers
Suzuki,Sidekick,1993,$412094.60,engage real-time markets
Lamborghini,Murciélago,2006,$115361.12,empower impactful web-readiness
Alfa Romeo,Spider,1993,$650828.07,mesh ubiquitous bandwidth
BMW,3 Series,1998,$502812.81,scale front-end applications
Chevrolet,Express 2500,2011,$27622.81,whiteboard revolutionary synergies
BMW,X3,2008,$454812.61,grow interactive platforms
Ford,Focus,2013,$727625.23,enhance intuitive relationships
Honda,Fit,2007,$176783.09,deliver magnetic paradigms
Chrysler,300M,2004,$562684.21,streamline sticky action-items
Honda,Accord,1994,$741323.33,unleash rich web services
Honda,CR-V,2002,$659844.38,monetize ubiquitous platforms
Nissan,300ZX,1996,$404827.71,redefine ubiquitous portals
Mercury,Tracer,1998,$755175.11,mesh best-of-breed synergies
Dodge,Ram 1500 Club,2000,$15055.37,benchmark seamless convergence
Mercedes-Benz,C-Class,1996,$571410.40,maximize innovative eyeballs
Acura,CL,2003,$597397.94,orchestrate magnetic metrics
Mazda,CX-7,2008,$665935.06,orchestrate dot-com relationships
Mazda,Mazda6,2012,$755760.44,matrix viral portals
Infiniti,QX,2010,$284474.38,strategize integrated eyeballs
Mitsubishi,Truck,1990,$174453.37,syndicate seamless vortals
Toyota,Camry,2000,$570464.76,redefine 24/7 experiences
Pontiac,Firebird Formula,1992,$491216.53,orchestrate wireless supply-chains
Lincoln,Navigator,2004,$281887.95,integrate integrated portals
Lamborghini,Countach,1985,$379953.95,harness dynamic channels
Chevrolet,Monte Carlo,2004,$736381.91,e-enable 24/7 functionalities
Hummer,H1,1999,$86757.56,deliver ubiquitous e-tailers
Chevrolet,3500,1999,$128334.87,leverage web-enabled channels
Chevrolet,Silverado 1500,2007,$694836.35,drive bleeding-edge content
Land Rover,Freelander,2001,$440925.33,revolutionize extensible e-business
Ford,Econoline E150,1994,$444380.30,syndicate holistic synergies
Ford,Courier,1988,$174449.44,recontextualize scalable networks
Isuzu,i-370,2007,$572061.14,mesh robust e-services
Suzuki,Reno,2005,$512825.75,architect real-time interfaces
Chevrolet,Camaro,1981,$40925.74,synergize next-generation functionalities
Cadillac,CTS,2005,$239380.87,utilize clicks-and-mortar portals
Cadillac,XLR-V,2006,$88577.69,streamline strategic e-tailers
BMW,M5,2000,$56126.90,exploit ubiquitous e-services
Suzuki,Esteem,2001,$267615.61,harness dot-com applications
Volvo,S60,2012,$287639.74,revolutionize integrated systems
Audi,A8,2008,$596905.05,optimize compelling e-services
BMW,M5,2009,$306204.22,evolve global e-markets
Isuzu,Oasis,1997,$522060.79,extend intuitive portals
Mazda,B-Series Plus,1994,$242251.89,enable innovative e-markets
Hyundai,Accent,1998,$570106.17,disintermediate bleeding-edge channels
Chevrolet,Express 2500,2011,$586021.15,repurpose 24/365 infrastructures
Honda,Civic,2005,$489619.19,expedite leading-edge web services
GMC,Savana 2500,2012,$338328.51,benchmark visionary web-readiness
Cadillac,CTS-V,2010,$215009.70,syndicate innovative e-markets
Cadillac,DTS,2007,$623999.26,expedite e-business e-commerce
Pontiac,Trans Sport,1990,$389810.46,mesh B2C metrics
Mitsubishi,Outlander,2012,$252744.44,facilitate turn-key portals
Chevrolet,Express 3500,2004,$595390.77,seize frictionless eyeballs
Chevrolet,Corvair,1960,$469341.19,incentivize viral applications
Hyundai,Sonata,2007,$209907.29,repurpose 24/7 infomediaries
Buick,LaCrosse,2008,$66846.19,productize visionary paradigms
Saab,9-3,2010,$601701.64,recontextualize innovative schemas
Acura,MDX,2001,$191188.57,facilitate turn-key paradigms
Infiniti,M,2003,$78536.35,iterate mission-critical mindshare
Chevrolet,Camaro,1998,$209833.69,streamline dynamic partnerships
Honda,Passport,1998,$355265.21,facilitate vertical methodologies
Jeep,Liberty,2004,$28618.56,empower robust networks
Volkswagen,Golf,1984,$282898.57,revolutionize e-business infrastructures
Acura,TL,2009,$519557.05,benchmark next-generation interfaces
Pontiac,Grand Am,2001,$192365.26,transform sexy infrastructures
Chevrolet,Express 3500,2007,$165681.06,exploit frictionless platforms
Ford,Freestyle,2006,$394320.18,whiteboard frictionless web-readiness
BMW,M3,1999,$114527.69,extend B2C eyeballs
Honda,Odyssey,1995,$162456.85,recontextualize seamless web services
Ford,E350,2012,$87760.33,engineer strategic bandwidth
Buick,Regal,1994,$273584.25,productize cutting-edge bandwidth
Ford,Expedition EL,2008,$706069.86,morph clicks-and-mortar technologies
BMW,Z8,2001,$127237.86,integrate global web services
Subaru,Leone,1988,$86793.11,visualize scalable systems
Lotus,Elan,1990,$487669.09,empower synergistic convergence
Lexus,ES,2009,$297754.47,orchestrate viral communities
Acura,NSX,2000,$131554.00,monetize plug-and-play users
Lotus,Esprit,2003,$455371.36,syndicate out-of-the-box deliverables
Spyker,C8 Laviolette,2004,$613691.97,synergize mission-critical functionalities
Ford,Mustang,1969,$429458.14,target ubiquitous methodologies
Mitsubishi,Galant,1984,$791189.44,transition open-source solutions
Mazda,626,1996,$486249.92,innovate global relationships
Buick,Electra,1989,$536208.59,engineer interactive schemas
Acura,RL,2007,$683365.41,enable collaborative synergies
Chrysler,Sebring,2002,$732613.43,generate next-generation initiatives
Mitsubishi,Galant,1986,$277389.10,exploit enterprise content
Saturn,Outlook,2008,$249548.26,empower sexy schemas
Lincoln,Mark VII,1984,$494752.72,reintermediate open-source systems
Mazda,Familia,1989,$389428.64,visualize global content
Hummer,H2 SUV,2006,$744868.71,transform customized technologies
BMW,525,2003,$422947.53,brand plug-and-play markets
Subaru,Loyale,1991,$617404.32,optimize enterprise channels
Acura,TL,1999,$664985.03,deploy next-generation experiences
Maybach,57,2011,$294546.91,transform one-to-one markets
Mercedes-Benz,300E,1993,$592150.02,streamline integrated relationships
Plymouth,Grand Voyager,2000,$43372.66,redefine holistic content
Infiniti,G,2008,$315973.93,seize seamless supply-chains
BMW,3 Series,2012,$269721.65,unleash real-time action-items
Ford,Expedition EL,2007,$569270.61,innovate world-class e-tailers
Nissan,Frontier,1998,$547380.45,iterate dynamic initiatives
Scion,xA,2005,$442938.69,extend distributed models
Dodge,Dakota,1998,$733317.05,facilitate sticky e-tailers
GMC,Safari,2000,$767976.50,whiteboard user-centric functionalities
Ford,Econoline E150,1994,$259182.03,optimize 24/7 applications
Alfa Romeo,164,1993,$331989.30,integrate integrated relationships
Volvo,C70,2006,$744769.31,generate impactful platforms
Bentley,Continental GTC,2010,$200006.84,synergize web-enabled platforms
Jaguar,X-Type,2007,$263397.37,scale ubiquitous metrics
Chevrolet,3500,1996,$369874.40,seize 24/7 networks
Subaru,XT,1991,$368591.60,cultivate frictionless niches
Kia,Sportage,2009,$399849.15,scale visionary portals
Mitsubishi,Montero,2005,$74800.89,strategize bricks-and-clicks interfaces
Ford,Focus,2008,$193570.91,exploit front-end users
Ford,E150,2006,$120569.02,optimize bleeding-edge vortals
Chevrolet,2500,1996,$478547.63,optimize turn-key eyeballs
Dodge,Challenger,2008,$780346.59,productize transparent niches
Volvo,C70,2004,$228657.35,orchestrate collaborative architectures
Subaru,Legacy,1992,$651562.05,incentivize enterprise systems
Kia,Rondo,2007,$779095.30,empower cross-media supply-chains
Volkswagen,CC,2010,$301888.01,implement web-enabled eyeballs
Land Rover,Discovery,2012,$154555.32,scale viral niches
Chevrolet,Cavalier,2005,$591303.15,aggregate seamless functionalities
Toyota,Supra,1996,$531910.78,reinvent value-added ROI
Mercedes-Benz,E-Class,1996,$640796.83,exploit proactive deliverables
Volvo,S80,2010,$561644.28,enable out-of-the-box supply-chains
Acura,TSX,2005,$714351.40,repurpose wireless portals
Nissan,Pathfinder,2001,$469425.67,leverage sexy partnerships
Chevrolet,Prizm,2000,$540477.89,revolutionize integrated partnerships
Chevrolet,SSR,2005,$472511.63,revolutionize integrated e-commerce
Saab,9000,1998,$486223.10,orchestrate innovative portals
Nissan,Altima,2005,$403818.94,deliver real-time infomediaries
Cadillac,SRX,2012,$310588.84,grow next-generation networks
Jeep,Wrangler,1999,$161661.10,empower sticky e-markets
Acura,TL,2001,$469762.72,harness user-centric infrastructures
Chevrolet,Camaro,1971,$196927.73,extend visionary vortals
Suzuki,XL7,2008,$619570.85,matrix front-end convergence
GMC,Sierra,2010,$46744.18,aggregate global initiatives
Mitsubishi,Endeavor,2004,$569089.00,exploit enterprise initiatives
Mazda,B-Series,1996,$260125.10,harness virtual e-services
Suzuki,XL-7,2005,$754572.10,implement integrated web services
Lexus,RX,1999,$15433.45,transition customized functionalities
Lincoln,Continental Mark VII,1991,$753671.47,synthesize killer convergence
Geo,Metro,1994,$688889.09,optimize global technologies
Nissan,Sentra,1999,$707833.78,matrix B2C infrastructures
Porsche,911,1991,$527013.07,unleash web-enabled models
Saturn,VUE,2003,$346036.47,aggregate dynamic functionalities
Chevrolet,Uplander,2006,$709107.31,scale cross-platform content
Honda,Civic,1980,$371539.36,incentivize back-end applications
Isuzu,Axiom,2002,$186857.25,whiteboard wireless schemas
Chevrolet,Monte Carlo,2006,$547140.85,leverage 24/365 networks
Dodge,D250 Club,1993,$709342.04,target web-enabled schemas
Mercury,Lynx,1987,$388544.92,transition synergistic action-items
Oldsmobile,Achieva,1994,$304753.04,cultivate integrated action-items
Honda,CR-V,1997,$71297.34,syndicate robust metrics
Jaguar,XK Series,1998,$355125.21,grow dot-com metrics
Chevrolet,Monte Carlo,1997,$663904.78,evolve intuitive portals
Ford,Mustang,1987,$35662.35,deploy cross-media metrics
Ford,Bronco II,1985,$283504.69,iterate strategic e-services
Mercedes-Benz,E-Class,1998,$689600.99,envisioneer e-business metrics
Land Rover,Discovery,2002,$617148.83,seize turn-key ROI
Ford,Courier,1987,$760775.79,scale intuitive methodologies
Volkswagen,Touareg 2,2008,$784062.94,aggregate compelling functionalities
Volkswagen,GTI,1996,$637262.96,grow vertical users
Ford,Aerostar,1987,$474596.07,architect extensible functionalities
Nissan,Armada,2006,$780291.53,recontextualize extensible action-items
Pontiac,Firefly,1990,$151311.13,harness strategic models
Volkswagen,Golf,1976,$626650.81,enhance dot-com applications
Toyota,4Runner,2007,$164275.12,architect transparent relationships
Volkswagen,Touareg,2003,$190819.01,integrate magnetic bandwidth
Ford,E250,2012,$147799.46,incubate B2C niches
Infiniti,Q,2002,$75515.63,strategize global functionalities
GMC,Canyon,2010,$241479.01,empower impactful applications
Mazda,CX-7,2009,$490673.07,aggregate extensible infrastructures
Audi,A6,2008,$668821.24,extend cutting-edge markets
Buick,Skyhawk,1988,$599863.58,incubate B2B niches
Honda,Ridgeline,2011,$22125.72,recontextualize sexy action-items
Mazda,RX-8,2004,$274686.56,transition B2B web services
Ford,Thunderbird,1990,$271529.96,embrace integrated content
Ford,Expedition,2001,$18867.36,deliver killer users
Ford,Econoline E350,1994,$251542.59,engineer impactful infomediaries
Dodge,Nitro,2007,$290820.93,expedite turn-key schemas
Mazda,Mazda6,2013,$364437.71,target cutting-edge initiatives
Volkswagen,Corrado,1992,$87919.34,synthesize user-centric paradigms
Ford,Ranger,2007,$327821.14,productize virtual vortals
Land Rover,Range Rover,1999,$437215.94,synthesize dynamic technologies
Suzuki,XL-7,2005,$94665.21,extend world-class web services
Mercedes-Benz,CLS-Class,2008,$701493.90,extend rich applications
Volkswagen,GTI,2009,$201850.46,unleash bleeding-edge infomediaries
Kia,Optima,2001,$664530.14,enable scalable infrastructures
Lamborghini,Gallardo,2004,$535824.79,strategize dynamic paradigms
Land Rover,LR3,2008,$533970.76,unleash bricks-and-clicks web-readiness
Mercury,Sable,1988,$579096.26,engineer sticky solutions
Ford,Fusion,2006,$694577.38,target virtual e-commerce
Infiniti,M,2010,$66483.33,generate e-business schemas
Mercedes-Benz,C-Class,2001,$323304.99,incubate front-end supply-chains
Dodge,Journey,2010,$167606.37,enhance customized vortals
Mitsubishi,Raider,2006,$91188.96,reinvent synergistic relationships
Mitsubishi,Chariot,1988,$412149.61,envisioneer e-business metrics
Ford,Mustang,2004,$576887.54,grow sticky infrastructures
Audi,Coupe Quattro,1991,$710686.72,engage distributed platforms
Plymouth,Neon,2001,$713709.29,morph proactive initiatives
Ford,Bronco,1994,$273714.62,transform extensible solutions
Lotus,Esprit Turbo,1984,$177965.54,benchmark transparent users
Pontiac,Gemini,1989,$751985.02,innovate revolutionary channels
Porsche,Cayenne,2012,$231138.85,transition e-business schemas
Acura,CL,1998,$160843.45,monetize granular relationships
Subaru,Impreza,2009,$760686.53,architect best-of-breed applications
Lexus,SC,2003,$336827.53,exploit holistic bandwidth
Suzuki,SX4,2010,$182992.33,synthesize transparent deliverables
Toyota,Camry,2001,$651789.34,reinvent robust initiatives
Mazda,CX-9,2010,$526750.78,empower virtual supply-chains
Lexus,SC,1997,$739705.56,innovate real-time architectures
Lexus,SC,2007,$605760.08,synthesize leading-edge metrics
Oldsmobile,98,1994,$755496.31,orchestrate bleeding-edge convergence
Subaru,Outback,2007,$650391.31,benchmark cutting-edge applications
Buick,Park Avenue,1994,$175441.02,innovate web-enabled e-business
Ford,Flex,2012,$71536.38,implement bricks-and-clicks initiatives
Ford,GT500,2007,$487513.29,monetize web-enabled eyeballs
Dodge,Intrepid,2001,$47759.72,extend sexy communities
Mitsubishi,Eclipse,2012,$635959.21,engineer interactive web services
Subaru,Impreza,1996,$369654.19,visualize killer e-commerce
Nissan,Leaf,2012,$275300.16,monetize end-to-end initiatives
Mercury,Mystique,1997,$740025.62,syndicate ubiquitous web services
Oldsmobile,Cutlass,1997,$766656.90,matrix bleeding-edge channels
Suzuki,SJ,1991,$623248.04,architect frictionless synergies
Dodge,Caravan,2008,$306358.70,scale compelling web-readiness
Toyota,4Runner,2012,$736008.27,scale turn-key web services
GMC,Sierra 1500,2011,$608486.75,innovate holistic experiences
Kia,Sportage,2005,$337484.79,strategize granular models
Volkswagen,Passat,1996,$718614.75,disintermediate intuitive e-tailers
Nissan,Quest,2001,$473047.57,engage killer synergies
Hyundai,Accent,2007,$191115.87,leverage 24/7 users
Porsche,Boxster,2010,$543345.35,syndicate virtual systems
Honda,Accord,1987,$742683.74,grow enterprise web-readiness
Dodge,Dakota,2003,$267005.80,aggregate transparent experiences
Buick,LeSabre,2004,$684465.20,envisioneer intuitive technologies
Chevrolet,Cavalier,2001,$697550.97,grow robust schemas
Cadillac,Allante,1992,$275987.86,synthesize e-business initiatives
Mitsubishi,Diamante,1993,$276498.42,embrace clicks-and-mortar paradigms
Saab,9-5,2007,$518347.93,benchmark seamless action-items
Ford,Tempo,1993,$584626.41,integrate 24/7 partnerships
Ford,F-Series,2010,$376152.31,innovate magnetic networks
Chevrolet,Express 2500,2002,$133921.57,matrix compelling metrics
GMC,Yukon XL 1500,2003,$698907.91,leverage open-source solutions
Mitsubishi,Precis,1990,$528514.79,deliver rich channels
Chevrolet,Suburban 1500,1998,$512327.72,embrace e-business vortals
Subaru,Tribeca,2006,$282820.84,e-enable cross-media content
Land Rover,LR2,2012,$37238.36,empower one-to-one synergies
Toyota,Avalon,2007,$683138.87,exploit 24/7 channels
Aston Martin,Rapide,2010,$661763.33,cultivate intuitive experiences
Hyundai,Sonata,2013,$797961.27,strategize holistic applications
Pontiac,Grand Am,1988,$735057.44,unleash global e-business
Mercury,Topaz,1991,$587656.75,leverage viral initiatives
Chevrolet,Suburban 1500,1994,$435498.17,incubate best-of-breed markets
Nissan,Altima,2012,$741256.79,benchmark strategic e-business
Kia,Optima,2008,$23652.10,streamline visionary markets
Chrysler,LHS,1997,$329130.99,enable real-time interfaces
Subaru,Brat,1985,$71704.08,embrace customized deliverables
Mercedes-Benz,SLK-Class,1998,$16427.40,deploy web-enabled e-business
Mercedes-Benz,E-Class,2009,$776453.67,mesh mission-critical bandwidth
Honda,del Sol,1993,$415998.49,facilitate robust functionalities
Mitsubishi,Mirage,1995,$5664.82,facilitate global synergies
Mercedes-Benz,S-Class,1999,$653141.81,seize cross-platform interfaces
BMW,8 Series,1993,$56630.85,seize robust e-business
Toyota,Avalon,2009,$57884.73,cultivate bricks-and-clicks bandwidth
Hummer,H3,2009,$556025.73,extend wireless ROI
Audi,Coupe GT,1987,$126625.21,recontextualize innovative e-commerce
Saturn,S-Series,1995,$490510.48,embrace ubiquitous infomediaries
GMC,1500 Club Coupe,1996,$769372.12,empower efficient schemas
Hyundai,Tiburon,2004,$724190.99,harness integrated synergies
Ford,Thunderbird,2002,$471015.98,repurpose bleeding-edge relationships
Subaru,Outback,2007,$403120.36,optimize end-to-end eyeballs
Chevrolet,Express 2500,2007,$37774.67,maximize extensible action-items
Mazda,CX-9,2008,$62072.36,facilitate cutting-edge niches
Cadillac,Escalade EXT,2004,$487530.78,leverage magnetic portals
Buick,LeSabre,2001,$396105.00,productize synergistic users
Audi,Cabriolet,1997,$380885.97,synthesize bricks-and-clicks partnerships
Pontiac,6000,1987,$163962.87,exploit leading-edge content
Plymouth,Colt Vista,1994,$630605.93,redefine interactive schemas
Dodge,Viper,1994,$309935.54,architect efficient niches
Chevrolet,Express 2500,2001,$497138.55,e-enable global ROI
Chevrolet,SSR,2003,$300157.94,utilize clicks-and-mortar supply-chains
Mitsubishi,Lancer,2005,$141413.32,embrace viral markets
Dodge,Grand Caravan,2005,$631637.76,enable robust mindshare
Chevrolet,Express 3500,1997,$355147.37,reintermediate world-class models
Honda,S2000,2002,$142530.01,deploy turn-key portals
Toyota,Matrix,2004,$410505.76,mesh dot-com paradigms
Pontiac,Grand Am,1991,$682752.36,monetize dot-com infomediaries
BMW,650,2006,$618877.26,embrace dynamic e-commerce
Dodge,Journey,2011,$107263.79,streamline revolutionary content
Mitsubishi,Lancer,2002,$479897.50,implement extensible solutions
Cadillac,Seville,1992,$148565.31,incubate sexy paradigms
Lincoln,Town Car,1997,$338265.65,productize extensible interfaces
Suzuki,Grand Vitara,2000,$692591.19,expedite magnetic e-business
Hyundai,Elantra,1999,$727338.21,target next-generation deliverables
Ford,Bronco,1984,$170928.52,leverage granular applications
Volkswagen,Cabriolet,1986,$135480.50,synergize world-class web-readiness
Jaguar,XK,2009,$181014.37,engage web-enabled vortals
Mitsubishi,Lancer,2010,$126658.99,streamline 24/365 mindshare
Dodge,Ram 2500,2003,$663685.03,scale strategic functionalities
Lexus,LX,1996,$77010.71,envisioneer e-business networks
Suzuki,XL7,2007,$238884.83,expedite killer applications
Toyota,Sienna,2005,$105128.32,reintermediate one-to-one systems
Audi,A4,2000,$46708.15,facilitate efficient applications
Dodge,Ram 1500,1994,$693886.97,aggregate scalable users
Volkswagen,Cabriolet,2001,$555716.31,reintermediate clicks-and-mortar eyeballs
GMC,Envoy XL,2004,$476100.07,e-enable magnetic initiatives
Chrysler,Pacifica,2007,$485759.24,unleash synergistic e-services
Nissan,Xterra,2010,$446855.88,strategize vertical deliverables
Audi,A3,2011,$492361.73,transition viral e-services
Mitsubishi,Excel,1988,$307682.95,deliver efficient models
BMW,745,2002,$645732.73,engage clicks-and-mortar mindshare
Subaru,Legacy,1999,$767216.67,embrace global convergence
Dodge,Viper,1997,$14923.07,unleash extensible e-business
Buick,Riviera,1997,$593243.79,revolutionize out-of-the-box solutions
Jeep,Patriot,2008,$283927.39,expedite best-of-breed technologies
Pontiac,Grand Prix,2006,$637308.03,cultivate extensible networks
MINI,Cooper Clubman,2011,$717732.49,target mission-critical communities
Mercury,Lynx,1985,$510710.78,benchmark killer infrastructures
Chevrolet,Tahoe,1997,$607093.49,matrix intuitive eyeballs
GMC,Sonoma,2002,$254023.46,leverage 24/365 communities
Lamborghini,Murciélago,2010,$376397.85,e-enable dot-com users
Toyota,Celica,1994,$252869.09,syndicate visionary bandwidth
Infiniti,QX,2010,$57624.30,architect frictionless vortals
Acura,RSX,2006,$285660.86,enhance value-added content
Nissan,Altima,2003,$462382.26,target virtual paradigms
Dodge,Caliber,2007,$61647.39,maximize one-to-one vortals
Lotus,Elise,2010,$232019.94,target vertical models
Nissan,Xterra,2011,$343036.32,target user-centric partnerships
BMW,1 Series,2008,$233840.74,iterate extensible partnerships
Toyota,FJ Cruiser,2010,$693939.31,enable enterprise web services
Acura,RL,2006,$465997.78,orchestrate viral communities
Pontiac,G3,2010,$632304.34,productize sexy paradigms
Ford,Aspire,1994,$378763.21,innovate magnetic interfaces
Chevrolet,Express 1500,2000,$36131.42,enable dot-com convergence
Honda,Prelude,1986,$406347.58,unleash plug-and-play niches
Ford,Thunderbird,1987,$8824.16,drive best-of-breed bandwidth
Mitsubishi,Galant,2011,$731461.87,reintermediate e-business deliverables
Pontiac,Sunbird,1984,$532569.65,innovate one-to-one e-commerce
Ram,3500,2011,$202880.49,synergize virtual interfaces
Ford,Courier,1987,$80073.45,mesh open-source infomediaries
GMC,2500,1997,$280718.52,target sticky methodologies
Ford,Expedition,2006,$687831.21,architect one-to-one bandwidth
Infiniti,QX56,2007,$787764.63,cultivate end-to-end markets
BMW,5 Series,1993,$8710.11,monetize e-business portals
Saab,9000,1993,$319127.58,syndicate strategic e-commerce
Daihatsu,Charade,1992,$343682.10,envisioneer web-enabled e-tailers
Toyota,Avalon,1995,$578154.62,deploy bleeding-edge technologies
Jeep,Commander,2008,$401321.71,repurpose impactful paradigms
Saturn,L-Series,2002,$195078.98,empower efficient architectures
Honda,Element,2009,$149182.03,productize leading-edge portals
Ford,F-250 Super Duty,2006,$664759.00,integrate open-source e-commerce
Saab,9000,1995,$688243.93,transform compelling vortals
Saturn,L-Series,2002,$175664.87,integrate proactive e-markets
Audi,90,1993,$113626.64,syndicate rich architectures
Mazda,626,1985,$221611.83,incentivize holistic synergies
Chevrolet,Silverado 2500,2007,$756269.32,innovate sexy eyeballs
Mercedes-Benz,C-Class,2002,$684590.34,seize customized bandwidth
Porsche,911,2001,$468188.57,envisioneer viral applications
Mazda,Mazda5,2012,$104265.65,harness one-to-one partnerships
Geo,Prizm,1994,$689074.32,implement extensible initiatives
Eagle,Premier,1992,$53765.14,brand 24/365 relationships
Pontiac,Firebird,2001,$515778.44,brand virtual action-items
GMC,Yukon,1998,$728402.51,morph leading-edge solutions
Chevrolet,Avalanche 1500,2006,$268861.61,exploit proactive e-tailers
Lotus,Esprit,1998,$142564.45,streamline integrated e-services
GMC,Rally Wagon G3500,1995,$459359.97,brand scalable action-items
Toyota,Tundra,2006,$796227.99,empower bricks-and-clicks ROI
Volkswagen,GTI,2010,$351086.47,incentivize vertical architectures
Tesla,Model S,2012,$726391.78,redefine customized bandwidth
Lexus,RX Hybrid,2011,$798929.98,enable rich communities
Toyota,Land Cruiser,2007,$147037.65,disintermediate scalable convergence
Volvo,S40,2003,$494634.58,disintermediate end-to-end e-business
Nissan,Maxima,1993,$667971.83,mesh best-of-breed e-services
Mercury,Tracer,1994,$699032.82,mesh cutting-edge deliverables
Audi,TT,2009,$447544.43,mesh magnetic channels
Mazda,929,1993,$554899.42,benchmark 24/365 applications
GMC,Vandura 1500,1994,$10512.39,incentivize leading-edge synergies
Pontiac,Aztek,2001,$554741.49,innovate killer applications
Honda,del Sol,1997,$207284.46,exploit back-end networks
Dodge,Neon,2003,$644505.44,deliver 24/365 eyeballs
Plymouth,Voyager,1999,$210213.94,transition distributed experiences
Land Rover,Range Rover,1989,$654925.30,monetize frictionless vortals
Saturn,S-Series,1992,$575589.41,recontextualize dynamic supply-chains
Suzuki,Sidekick,1991,$32486.18,streamline rich niches
Mitsubishi,i-MiEV,2012,$266819.86,deliver open-source models
Jeep,Grand Cherokee,2008,$618931.26,generate cutting-edge bandwidth
Ford,Explorer Sport,2003,$344827.63,streamline next-generation deliverables
Mercury,Grand Marquis,1988,$536859.13,monetize killer portals
Chevrolet,Tracker,2000,$519530.45,expedite bleeding-edge partnerships
Hyundai,Santa Fe,2003,$50172.41,exploit strategic markets
Volkswagen,CC,2013,$778489.81,brand e-business models
Cadillac,Escalade ESV,2007,$426931.44,productize end-to-end e-markets
Toyota,Avalon,2001,$237771.28,morph back-end platforms
Lotus,Esprit,1998,$387159.34,harness killer infomediaries
BMW,X5,2010,$186986.53,reintermediate end-to-end systems
Buick,Reatta,1989,$64883.03,deploy integrated markets
Chevrolet,Silverado 1500,2003,$461948.22,synthesize synergistic architectures
GMC,Sierra,2009,$754282.61,enable viral web services
Volvo,V50,2009,$304662.65,unleash sticky e-markets
Volkswagen,Corrado,1993,$458541.38,deliver magnetic niches
Buick,Skylark,1987,$108138.19,engage distributed niches
Porsche,928,1995,$424790.10,evolve open-source eyeballs
Renault,Alliance,1983,$144681.19,enhance vertical initiatives
Subaru,Outback,2005,$397940.84,revolutionize cross-platform portals
Toyota,Celica,1984,$274082.07,whiteboard strategic initiatives
Cadillac,STS,2009,$134218.89,morph best-of-breed supply-chains
Mercedes-Benz,500SEL,1992,$453875.48,expedite out-of-the-box supply-chains
Subaru,Forester,2000,$394621.61,expedite proactive supply-chains
Chevrolet,Sportvan G20,1995,$290113.11,whiteboard strategic web services
Volvo,C30,2012,$93174.62,whiteboard mission-critical metrics
GMC,Savana 1500,2011,$49896.10,cultivate global web-readiness
Jensen,Interceptor,1966,$660494.93,monetize dynamic e-business
Chevrolet,Caprice Classic,1994,$89813.62,grow best-of-breed e-services
Ford,F150,2002,$175403.71,disintermediate intuitive niches
Subaru,SVX,1992,$38302.14,transform cutting-edge ROI
Chevrolet,Suburban 1500,1993,$206133.34,architect visionary solutions
Lexus,LX,2009,$776023.08,transform world-class e-tailers
BMW,Alpina B7,2007,$767337.95,aggregate B2C schemas
Plymouth,Fury,1964,$16845.83,cultivate e-business content
GMC,Yukon XL 2500,2013,$359601.21,visualize compelling channels
Ford,Econoline E350,1993,$33804.14,reintermediate interactive partnerships
Subaru,Forester,2002,$170122.41,syndicate plug-and-play convergence
BMW,525,2003,$653930.53,optimize B2C architectures
Mazda,B-Series Plus,1995,$525544.06,leverage integrated content
Hyundai,Accent,2005,$27538.47,monetize bricks-and-clicks content
Toyota,Prius,2001,$397660.09,enhance proactive models
Mercedes-Benz,C-Class,1998,$526828.89,extend 24/7 web services
Hyundai,Sonata,2012,$465119.32,syndicate robust technologies
Audi,TT,2005,$72468.05,benchmark sticky synergies
Maserati,Gran Sport,2005,$24999.93,iterate killer e-business
Jeep,Liberty,2006,$463698.62,morph frictionless schemas
Dodge,Neon,2004,$95502.53,target B2B bandwidth
Chevrolet,Cavalier,2004,$694819.02,e-enable leading-edge e-markets
Nissan,Frontier,2007,$15364.44,scale dot-com bandwidth
Audi,TT,2006,$30429.40,facilitate user-centric relationships
Chevrolet,Camaro,2001,$763027.15,drive bleeding-edge portals
Porsche,928,1985,$457568.47,deploy sexy web services
Hyundai,Tiburon,2003,$282732.36,enhance cross-platform markets
Ford,Festiva,1988,$69692.81,generate holistic ROI
Chrysler,Voyager,2003,$405868.23,repurpose e-business paradigms
Land Rover,Discovery,2003,$366483.08,iterate robust mindshare
Ford,Probe,1991,$22923.31,productize scalable experiences
Infiniti,G37,2011,$645689.85,incentivize interactive applications
Chevrolet,3500,1997,$185649.67,aggregate vertical initiatives
Chevrolet,Lumina,1999,$148085.42,visualize open-source eyeballs
Chevrolet,G-Series G30,1996,$457379.20,expedite holistic communities
Ford,E150,2008,$29483.15,target robust interfaces
Mitsubishi,Diamante,2004,$26537.58,facilitate world-class e-services
BMW,X5,2002,$639378.40,optimize B2B users
Toyota,Tacoma,2006,$183204.05,deliver dynamic experiences
Subaru,Impreza,2010,$27591.85,empower global mindshare
Jeep,Cherokee,2000,$544478.35,deliver B2C channels
BMW,M3,1997,$298840.59,engage 24/7 portals
GMC,2500,1998,$155790.87,streamline back-end deliverables
Ford,Ranger,2006,$381889.38,monetize open-source experiences
Chevrolet,HHR,2008,$774291.92,e-enable impactful bandwidth
Isuzu,Rodeo,2003,$325050.94,unleash seamless ROI
Bentley,Continental GT,2006,$598948.03,exploit distributed eyeballs
Nissan,Murano,2006,$531474.84,evolve robust e-tailers
Kia,Sedona,2009,$98714.95,engineer bleeding-edge web-readiness
Cadillac,Seville,1992,$278560.59,streamline value-added partnerships
Chevrolet,Monte Carlo,2005,$225414.54,engage best-of-breed initiatives
GMC,Suburban 2500,1999,$739741.96,reinvent mission-critical e-services
Oldsmobile,Cutlass,1998,$502534.61,facilitate best-of-breed functionalities
Ford,Escort,2004,$237222.94,utilize front-end web services
Chrysler,Concorde,2001,$551492.77,extend 24/7 action-items
Saab,900,1997,$547983.45,envisioneer integrated relationships
Nissan,Quest,2001,$423148.13,transform synergistic users
Ford,Flex,2012,$515920.29,innovate global infrastructures
Toyota,Matrix,2003,$427867.19,engineer transparent markets
Infiniti,M,2008,$768738.07,transition ubiquitous users
Nissan,Xterra,2003,$90413.55,exploit best-of-breed ROI
Ford,E150,2011,$546543.02,streamline cutting-edge platforms
Dodge,Ram Van 1500,2003,$195636.69,envisioneer B2B e-services
Porsche,911,1994,$385901.94,reinvent transparent architectures
Pontiac,Grand Am,2001,$265485.93,synthesize efficient ROI
Land Rover,Discovery,2012,$275528.04,brand web-enabled technologies
Audi,A8,2004,$530470.81,benchmark transparent metrics
Ford,EXP,1986,$191384.62,iterate open-source convergence
BMW,325,2006,$342843.89,whiteboard sticky e-markets
Mercedes-Benz,CLK-Class,2001,$190058.70,monetize robust action-items
Hyundai,Sonata,2001,$28658.09,engage robust infomediaries
Chevrolet,Corvette,1970,$591855.99,deliver interactive content
Mitsubishi,Excel,1989,$762758.57,reintermediate turn-key content
Lincoln,Navigator,2006,$291652.78,synthesize value-added solutions
Toyota,Celica,1999,$579727.63,evolve rich infomediaries
Volvo,S90,1997,$304884.18,productize sticky niches
Mercedes-Benz,S-Class,2008,$126293.27,integrate end-to-end action-items
GMC,Savana 3500,2009,$116348.07,synergize value-added infrastructures
Ford,Freestar,2006,$550746.67,iterate front-end infomediaries
Ford,Taurus,2005,$697008.56,matrix B2C communities
Toyota,Land Cruiser,2011,$458096.60,cultivate holistic bandwidth
Dodge,Viper,2009,$70335.27,embrace leading-edge e-tailers
Ford,Courier,1987,$659354.50,expedite interactive eyeballs
Pontiac,Sunbird,1987,$561907.47,brand magnetic action-items
Chevrolet,Malibu,2008,$313412.99,disintermediate leading-edge networks
Dodge,Ram 1500,2008,$597275.72,transform scalable supply-chains
Cadillac,Sixty Special,1993,$220323.54,envisioneer killer schemas
Infiniti,Q,1993,$465461.17,mesh open-source platforms
GMC,Sierra 3500HD,2006,$789985.57,deploy proactive markets
Audi,R8,2011,$328287.18,target robust networks
Kia,Sportage,2007,$154574.29,monetize revolutionary platforms
Porsche,911,1993,$718016.13,redefine bleeding-edge methodologies
Dodge,Ram 2500,2000,$113806.01,enhance one-to-one applications
Volvo,V70,2005,$364303.06,streamline bricks-and-clicks relationships
Spyker,C8,2005,$506831.68,benchmark plug-and-play e-commerce
Pontiac,Aztek,2004,$78075.39,exploit user-centric technologies
Dodge,Ram Wagon B350,1992,$638703.72,strategize magnetic architectures
Hyundai,Tiburon,1997,$148578.38,facilitate scalable initiatives
Mercedes-Benz,E-Class,1997,$54835.47,benchmark 24/7 metrics
Nissan,GT-R,2009,$148266.00,disintermediate user-centric e-commerce
Chevrolet,S10 Blazer,1994,$365404.07,integrate visionary networks
Dodge,Viper,2002,$236596.52,orchestrate granular metrics
Infiniti,QX,2004,$782443.15,brand virtual partnerships
Suzuki,Equator,2010,$770062.36,reinvent 24/7 ROI
Ford,Aerostar,1997,$318202.02,incubate world-class infrastructures
Suzuki,SX4,2009,$159110.56,deliver back-end infrastructures
Volkswagen,R32,2009,$253258.19,extend revolutionary systems
Ford,Mustang,1987,$663531.32,enable innovative markets
Suzuki,Esteem,2002,$588277.67,orchestrate compelling web services
Lamborghini,Countach,1985,$139388.62,matrix proactive mindshare
Chevrolet,Silverado,2008,$171225.68,transform leading-edge interfaces
Mercury,Cougar,1969,$255017.77,matrix frictionless web services
Ford,Aerostar,1994,$541957.14,empower leading-edge content
Toyota,Celica,1984,$471165.86,cultivate open-source schemas
Mitsubishi,Montero,1993,$95567.54,optimize sticky web services
Geo,Prizm,1993,$145902.40,incentivize clicks-and-mortar e-business
Toyota,FJ Cruiser,2009,$458334.81,incubate value-added architectures
Nissan,Frontier,2003,$354764.17,e-enable bricks-and-clicks ROI
Dodge,Neon,2004,$474282.42,redefine world-class e-commerce
GMC,Jimmy,1997,$188639.18,morph real-time networks
Subaru,Leone,1985,$409859.50,redefine virtual bandwidth
Ford,Freestar,2006,$710684.30,evolve rich e-services
Buick,Century,1989,$600405.91,target intuitive initiatives
Isuzu,Rodeo,1997,$799998.81,optimize proactive interfaces
Cadillac,Fleetwood,1954,$641355.01,productize front-end relationships
Ford,Escape,2010,$478132.61,reintermediate granular technologies
Land Rover,Defender,1994,$526664.20,cultivate back-end mindshare
Porsche,924 S,1987,$461882.63,implement integrated channels
Chevrolet,Avalanche,2006,$619964.57,integrate frictionless action-items
Suzuki,Vitara,1999,$737306.87,engineer one-to-one models
Kia,Sorento,2005,$625421.80,expedite collaborative eyeballs
Ford,Econoline E150,1997,$663166.22,mesh out-of-the-box functionalities
Ford,Econoline E250,1994,$32427.89,deliver cutting-edge schemas
Volkswagen,Golf,2005,$599778.02,maximize front-end technologies
Toyota,Land Cruiser,2000,$5440.94,generate viral content
Mercedes-Benz,SL-Class,2008,$321210.22,benchmark killer vortals
Audi,S6,2010,$272854.39,visualize strategic e-services
Suzuki,XL7,2006,$469846.94,visualize user-centric models
Porsche,911,2008,$49531.53,productize intuitive e-tailers
Acura,NSX,2000,$44377.25,optimize mission-critical eyeballs
Mercedes-Benz,SLK55 AMG,2009,$479460.80,harness 24/365 infrastructures
Suzuki,Esteem,2002,$784741.34,integrate holistic e-business
Nissan,200SX,1997,$753674.90,reintermediate plug-and-play relationships
Acura,RDX,2008,$793969.81,maximize innovative convergence
Hyundai,Veloster,2013,$530896.37,transition cross-media e-services
Chevrolet,Volt,2012,$632131.06,exploit visionary metrics
Subaru,Impreza,2008,$208038.53,maximize compelling web-readiness
Maserati,430,1989,$712389.38,exploit open-source schemas
Mazda,CX-7,2007,$412333.62,brand B2C metrics
Jeep,Liberty,2010,$631561.76,disintermediate collaborative convergence
Infiniti,QX,2002,$73517.29,innovate revolutionary e-services
Chevrolet,Express 1500,2009,$536036.19,exploit cutting-edge methodologies
Dodge,Intrepid,1994,$83213.62,whiteboard cross-platform ROI
Pontiac,GTO,1967,$754367.83,mesh B2B e-commerce
Volkswagen,GTI,2002,$370277.34,strategize end-to-end channels
Mercury,Sable,2005,$334116.59,synthesize open-source schemas
Chevrolet,Malibu,2000,$206487.73,extend value-added applications
Toyota,Avalon,2012,$501820.35,disintermediate scalable users
Cadillac,Escalade EXT,2009,$69700.67,mesh out-of-the-box e-services
Mitsubishi,Montero Sport,2000,$477530.63,strategize value-added synergies
Pontiac,Firebird,1993,$124161.13,visualize enterprise portals
Smart,Fortwo,2012,$525602.37,enhance end-to-end systems
Volkswagen,Routan,2010,$463860.36,enable extensible technologies
Rolls-Royce,Phantom,2007,$341878.56,architect global niches
Audi,A6,1995,$35459.25,optimize B2B e-tailers
GMC,1500 Club Coupe,1999,$201981.98,extend out-of-the-box infrastructures
Studebaker,Avanti,1964,$472382.15,generate impactful partnerships
Chevrolet,Cavalier,1994,$350796.60,repurpose robust ROI
Mitsubishi,RVR,1992,$96021.13,streamline virtual communities
Honda,Accord,1989,$382697.75,morph innovative e-commerce
Ford,Freestar,2003,$80288.54,reinvent customized ROI
Mercedes-Benz,E-Class,1989,$87777.58,leverage turn-key interfaces
Plymouth,Laser,1994,$464221.14,implement scalable applications
Toyota,Prius,2010,$297662.16,incentivize killer metrics
Ford,Mustang,1992,$768782.79,cultivate sticky networks
Jaguar,S-Type,2006,$211878.35,unleash 24/7 paradigms
Mercury,Sable,2009,$467096.43,generate compelling architectures
GMC,Suburban 2500,1997,$134082.97,engineer e-business bandwidth
GMC,Savana 1500,2011,$19079.66,streamline efficient markets
Acura,SLX,1996,$722470.71,repurpose sticky schemas
Chevrolet,Suburban,2010,$710710.92,whiteboard wireless metrics
Ford,Thunderbird,1983,$223513.66,deploy efficient channels
Mitsubishi,Starion,1984,$669720.73,whiteboard cross-media schemas
Mitsubishi,Eclipse,1990,$254888.81,integrate plug-and-play interfaces
Volvo,V40,2004,$290495.26,architect wireless e-markets
Plymouth,Neon,1999,$357735.88,harness impactful web services
Dodge,Ram Wagon B350,1993,$385330.21,generate synergistic users
GMC,1500,1996,$590447.03,matrix robust technologies
Ford,Freestyle,2005,$446370.23,syndicate open-source partnerships
Buick,LeSabre,2000,$226903.45,morph proactive convergence
Chevrolet,Silverado Hybrid,2006,$159352.49,syndicate killer platforms
Land Rover,Freelander,2003,$679813.68,visualize granular mindshare
Nissan,Altima,2002,$272433.46,streamline e-business technologies
Chrysler,300C,2005,$274489.88,expedite best-of-breed metrics
Suzuki,Grand Vitara,2011,$181825.88,reintermediate robust ROI
Chevrolet,Equinox,2011,$176378.05,engineer next-generation relationships
BMW,525,2001,$595094.70,synthesize B2B communities
Pontiac,LeMans,1990,$526938.91,optimize seamless eyeballs
Mazda,Familia,1989,$695230.36,benchmark turn-key technologies
Dodge,Ram 3500,2008,$57697.10,cultivate compelling markets
Chevrolet,Lumina,1999,$732231.71,unleash rich infomediaries
Ford,F250,2011,$387881.84,recontextualize enterprise schemas
Infiniti,EX,2010,$86773.89,incentivize leading-edge schemas
Pontiac,Sunfire,2004,$577382.82,revolutionize strategic technologies
Mazda,B-Series,1990,$304753.20,reinvent customized action-items
Chevrolet,Camaro,1971,$251325.30,cultivate end-to-end web-readiness
Cadillac,Catera,2001,$796789.66,whiteboard frictionless schemas
Saturn,Ion,2003,$295847.51,extend B2C e-tailers
Dodge,Durango,2007,$745130.53,syndicate user-centric deliverables
Chevrolet,3500,1994,$146601.87,cultivate magnetic niches
Ford,Explorer Sport,2002,$726108.61,facilitate viral ROI
Hummer,H3,2007,$584293.44,synthesize vertical infomediaries
Ford,E-Series,1996,$126206.51,incentivize scalable experiences
Subaru,Legacy,1990,$655673.98,revolutionize intuitive markets
Honda,Accord,2010,$775433.20,integrate global action-items
GMC,Yukon,2000,$486698.91,synthesize dot-com applications
Volkswagen,Touareg,2003,$551359.90,extend next-generation e-markets
Toyota,Land Cruiser,1996,$734486.40,benchmark sticky e-services
Mitsubishi,i-MiEV,2012,$427339.58,whiteboard world-class e-business
Aston Martin,DBS,2009,$766173.26,syndicate end-to-end relationships
Mercedes-Benz,C-Class,2006,$751531.25,disintermediate global niches
Dodge,Durango,2011,$21148.54,innovate transparent communities
Toyota,Corolla,2002,$723200.92,drive robust synergies
Dodge,Omni,1978,$59703.95,redefine ubiquitous technologies
Saturn,Sky,2009,$535306.87,innovate value-added e-services
Audi,RS 4,2008,$358831.38,reintermediate clicks-and-mortar paradigms
Volkswagen,Corrado,1994,$51700.77,brand sexy metrics
Nissan,Titan,2010,$312303.87,deploy end-to-end models
Chevrolet,Impala,2009,$320938.65,leverage synergistic systems
Mazda,B-Series,2007,$492904.47,architect ubiquitous vortals
Mercedes-Benz,G-Class,2004,$561996.74,target sticky synergies
Nissan,Cube,2012,$578140.97,streamline cross-media e-tailers
Suzuki,SX4,2011,$237165.39,streamline value-added content
Toyota,Highlander,2001,$368447.71,enable impactful schemas
Acura,CL,1998,$141486.90,generate intuitive e-markets
Lincoln,Mark LT,2007,$279602.06,mesh one-to-one networks
Chevrolet,Suburban 1500,2007,$645232.85,brand visionary synergies
Mercury,Marquis,1985,$96550.57,e-enable compelling architectures
GMC,Jimmy,1994,$595982.07,whiteboard granular e-business
Nissan,Titan,2011,$607988.49,aggregate best-of-breed platforms
Lexus,ES,2002,$199808.17,transition visionary functionalities
Porsche,911,1997,$547839.64,deliver sticky users
Ford,Festiva,1990,$305666.44,reinvent efficient e-services
Pontiac,Torrent,2006,$2718.42,e-enable cross-platform e-commerce
Pontiac,Tempest,1967,$14420.48,engineer B2C communities
Volkswagen,Golf,2002,$62027.00,cultivate end-to-end networks
Isuzu,Rodeo Sport,2001,$567394.98,repurpose customized solutions
Toyota,Tacoma,2002,$63309.45,morph value-added markets
Buick,Electra,1986,$223934.85,synergize 24/7 portals
Pontiac,Firebird Formula,1999,$388690.31,exploit ubiquitous web services
Ford,Country,1967,$329451.47,enhance transparent supply-chains
Ford,F350,2003,$209277.55,benchmark innovative e-commerce
Chevrolet,Express 1500,2008,$567270.47,empower dot-com ROI
Plymouth,Voyager,1993,$269448.28,scale dynamic communities
Isuzu,Rodeo,1995,$331538.11,extend magnetic e-markets
Mitsubishi,Chariot,1989,$774131.95,revolutionize collaborative ROI
Subaru,Impreza,2001,$354292.12,repurpose world-class vortals
Land Rover,LR3,2007,$425058.51,maximize real-time e-markets
Chevrolet,Silverado,2002,$703270.43,recontextualize dot-com infrastructures
Mercury,Tracer,1993,$397903.71,embrace viral solutions
Chevrolet,Express 2500,2010,$317396.53,synergize enterprise platforms
Mercedes-Benz,SL-Class,1992,$107305.48,evolve dot-com web-readiness
Acura,NSX,1998,$119627.16,transition rich relationships
Mitsubishi,Pajero,1984,$693004.25,benchmark clicks-and-mortar e-business
Kia,Sportage,1996,$762414.85,target wireless networks
GMC,Savana 1500,2005,$71506.12,disintermediate one-to-one systems
Plymouth,Grand Voyager,2000,$264178.50,unleash back-end vortals
Chevrolet,Camaro,1976,$380753.04,facilitate seamless mindshare
GMC,1500,1993,$412010.49,architect innovative e-markets
Buick,Regal,1987,$713556.77,reinvent sexy users
Eagle,Summit,1996,$791411.63,cultivate value-added technologies
Infiniti,Q,1999,$148587.65,innovate interactive infrastructures
Dodge,Caravan,1992,$556373.87,whiteboard plug-and-play methodologies
Isuzu,Rodeo,1997,$601218.16,unleash efficient action-items
Buick,LeSabre,1995,$765230.90,transform collaborative applications
Suzuki,Grand Vitara,2003,$62315.23,evolve extensible mindshare
Lexus,IS,2011,$320593.70,deploy wireless users
Mitsubishi,Mirage,1995,$207095.77,mesh mission-critical infomediaries
Mercedes-Benz,S-Class,2004,$789526.31,whiteboard dot-com vortals
Buick,Park Avenue,2004,$285901.61,optimize dynamic infomediaries
Dodge,Dakota,1993,$721165.95,synergize virtual technologies
Mitsubishi,Chariot,1995,$772496.90,transform extensible portals
Mitsubishi,Outlander Sport,2011,$718534.77,monetize cross-platform convergence
Cadillac,Seville,1997,$431927.79,drive ubiquitous e-services
